first_name,last_name,email,product_id,qty,amount,invoice_date,address,city,stock_code,job
Malik Rodriguez,Kelly Leach,vcook@example.com,177,8,96.91,2002-07-05,666 Lowe Square,Gabrielaberg,71802916,"Nurse, adult"
Maria Rivera,Benjamin Owens,brownkaren@example.org,186,9,97.64,2020-07-12,969 Morgan Fords,Ronaldmouth,59275015,Minerals surveyor
Julia Price,Margaret Clark,rachel23@example.net,132,9,98.09,2001-04-03,339 Kennedy Vista,Ericside,38629150,Location manager
Thomas David,David Park,robert41@example.org,148,1,95.86,2005-10-09,868 Weiss Heights Suite 655,Valenciafurt,36359776,"Pharmacist, hospital"
Angela Campbell,Jordan Davis,colelisa@example.com,129,9,96.16,1970-02-08,4164 Vanessa Neck,Port Kimberly,22210302,"Civil engineer, contracting"
Laura Thompson,Thomas Roberts,davisrobert@example.com,137,6,97.47,1989-04-05,29692 Matthew Lock,Lake Zacharyborough,66178620,Community arts worker
Luis King,Hayley Beard,pjackson@example.net,173,7,97.54,1976-09-11,7931 Elizabeth Unions Suite 432,West Bianca,28359142,"Biochemist, clinical"
Thomas Green,Douglas Jackson,crosbynicole@example.org,146,7,96.5,2009-01-08,1921 Marc Walk Suite 994,Williamsfort,68274931,Product designer
Cheryl Hunt,Javier Nguyen,camerondavis@example.com,143,8,98.25,2016-12-08,5892 Wheeler Estates Suite 696,Charlesborough,70992359,Historic buildings inspector/conservation officer
Katherine Tucker,Natalie Reilly,bschwartz@example.com,104,4,99.85,2002-02-11,8175 Garcia Course,West Erintown,28225713,"Producer, radio"
Rachel Wilkins,Kimberly Sullivan,desireevargas@example.net,120,8,97.96,1978-07-02,66596 Lisa Locks Apt. 203,Mitchellville,24488440,Magazine features editor
John Watts,Laura Washington,brittanynguyen@example.org,184,9,96.17,2014-05-10,93868 Jones Harbors,Crystaltown,33884240,"Designer, exhibition/display"
Nathaniel Payne,Nicole Lawson,duncanaaron@example.com,126,6,97.65,1998-05-05,15336 Hall Summit Suite 727,Hollyland,3734315,Broadcast journalist
Nathaniel Figueroa,Luke Crosby,michaelrush@example.org,171,8,95.84,2002-02-11,39835 Nicholas Avenue Apt. 070,Benjaminmouth,55022583,Animal technologist
Bryan Carpenter,Whitney Manning,jeremyaustin@example.net,129,3,95.48,2018-06-12,952 Mills Run,North Laura,97520801,Furniture conservator/restorer
Jeffrey Valdez,Kevin Bauer,uarcher@example.org,112,6,97.41,2006-11-11,58849 Tina Drive Apt. 476,Morrisonmouth,86789981,Press sub
Ryan Jensen,Gina Cruz,calhounalicia@example.org,175,6,96.79,2019-03-06,595 Wright Mount Suite 865,Michelleburgh,39893369,Management consultant
Angela Roth,Travis Brown,kaitlyn96@example.net,182,1,99.62,2008-09-11,8843 Anderson Shore Suite 488,New Christophershire,2667010,"Accountant, chartered management"
Jason Rosales,Rebecca Green,meganjuarez@example.net,136,6,97.6,2009-06-03,9506 Monica Rapid,New Melissa,45846212,Senior tax professional/tax inspector
Howard Wagner,Caroline Thomas,westdustin@example.com,184,3,95.26,1983-10-08,41203 Finley Valleys,Tristanshire,88251974,"Designer, industrial/product"
Melissa Collins,Patrick Shelton,igarner@example.com,116,9,97.83,1985-03-03,32821 Reynolds Mission,Taylormouth,46996053,Medical sales representative
Lisa Jenkins,Nathan Lopez,soliskelly@example.org,120,6,97.57,1984-05-07,095 Jennifer Common,Port Rachelport,55641654,Armed forces technical officer
Jose Ramirez,Adam Gates,donna36@example.org,100,2,99.36,1999-07-06,742 Tiffany Road Apt. 610,Paulborough,92417144,Physiotherapist
Derrick Clark,Elizabeth Riddle,marcortiz@example.com,176,1,96.45,1986-02-11,760 Farrell Plaza Suite 423,Amytown,68020576,"Therapist, music"
Danielle Williamson,David Sullivan,petersonangelica@example.org,117,7,95.58,1970-10-11,6748 Rodriguez Views Suite 928,Millerstad,48768962,Control and instrumentation engineer
Donald Sharp,Rachel Cardenas,jodisanchez@example.net,152,2,96.95,2019-06-08,09584 Sean Land,Parkerfurt,45082771,Learning mentor
Joshua Ball,Jeffrey Wu,kmonroe@example.org,131,8,96.94,1980-04-04,020 Shawn Burgs,East David,92008847,Health physicist
Tommy Rogers,Kelsey Douglas,glenn25@example.org,118,1,96.59,2000-09-11,8476 Ramirez Stravenue Apt. 310,Taylorhaven,61915749,Furniture designer
Annette Williams,Charles Martin,theresa15@example.net,112,5,96.38,2002-01-05,07333 Anthony Village,New Seth,23875135,"Engineer, agricultural"
Jordan Smith,Ashley Meyer,melanieking@example.net,129,7,97.98,2008-11-10,429 Nathan Locks Suite 106,New Mark,22821690,Barrister
Chelsea Anderson,Margaret Mathews,michaelsmith@example.com,112,8,99.9,2010-11-07,13815 Guy Glen,East Tonyburgh,44986391,IT consultant
Denise Sanders,Brenda Horne MD,audrey99@example.com,131,2,95.24,2000-09-10,2140 Gomez Square,Mitchellberg,1335729,"Pilot, airline"
David Martin,Michael Wright,thompsonkelly@example.org,121,2,98.26,2002-11-11,294 Hansen Vista,North Jacquelineport,80997368,Higher education lecturer
Dakota Ashley MD,Ashley Butler,johnsonantonio@example.org,101,7,95.92,2020-08-04,510 Nathaniel Square Apt. 553,East Kaitlyn,49338287,"Restaurant manager, fast food"
Angela Burns,Victoria Vazquez,michaelwhite@example.net,184,4,95.15,2021-11-08,1552 Tammy Ports,New Lisaborough,58644416,Counsellor
Harold Harrington,Erik Ward,lee95@example.com,165,7,95.24,2012-05-02,9340 Rivera Stravenue,New Donald,644907,Advice worker
Jacob Newton,Karen Moore,ana96@example.com,160,3,94.93,1970-01-06,3571 Anthony Stream,East Matthewshire,784603,Jewellery designer
Walter Beard,Elizabeth Baldwin,lnguyen@example.net,136,7,98.26,2019-10-02,25186 Norris Stream,Robinport,2221908,Textile designer
Melissa Carr,Elizabeth Porter,baldwincharles@example.com,122,6,97.43,1985-05-11,22194 Eric Courts Apt. 058,Lake Danielleport,72073230,Insurance broker
Melissa Taylor,Nicole Jackson,sanderswilliam@example.org,127,5,98.02,1974-09-10,0734 Crystal Place Apt. 853,New Colinmouth,12522248,Environmental manager
Douglas Drake,Amy Vazquez,kaylatorres@example.org,108,6,99.4,2007-03-11,2859 Kristen Cliff,Chelseabury,10088142,Field trials officer
Charles Barrett,Erin Torres,smithvincent@example.org,108,9,97.52,1973-08-09,9681 Robert Port Suite 028,Lake Thomasstad,7550126,Television floor manager
Laura Goodman,Casey Jackson,amanda01@example.net,137,8,97.08,2012-07-03,982 Reyes Mill,Sharonburgh,77062918,"Therapist, art"
Dave Brennan,Peter Vaughn,upowell@example.net,169,1,96.25,2005-04-05,161 Eric Forest,Turnerport,8699237,Theatre director
Eric Pierce,Dawn Ramirez,james70@example.net,127,2,99.48,2010-09-03,80272 Scott Center Suite 387,New Pamela,37517441,Sub
David Sharp,Haley Robinson,fritzlaurie@example.com,155,6,95.12,1990-12-06,16526 Lisa Parkways Apt. 595,Smithchester,98514878,"Therapist, drama"
Jennifer Castillo,Kim Garcia,quinnelizabeth@example.net,173,2,96.59,2019-08-02,30905 Griffin Garden Apt. 932,Ryanview,74145881,Community education officer
Frederick Castaneda,John Pope,hernandezsean@example.org,101,3,99.52,1974-12-09,013 William Radial,North Sherryton,97582953,Furniture conservator/restorer
Melissa Oconnor,Michael Riley,morsekyle@example.com,114,2,95.36,1995-06-06,151 Hudson Roads,Cherrybury,14573392,"Scientist, biomedical"
William Jacobs,Michael Rogers,bruce25@example.com,153,5,95.47,1976-11-06,27761 Delacruz Field Apt. 633,South Yvonnefurt,53036384,Lobbyist
Lorraine Meyer,Rebecca Owen,cooperdalton@example.com,141,2,97.34,2002-06-12,2050 Jackson Road,Penningtonton,71433233,Public house manager
Jason Graham,Miguel Pope,davilacarol@example.org,115,6,96.02,1980-11-09,024 Sean Rapid Suite 157,South Jessicatown,11164876,Optometrist
Taylor Downs,Allen Jordan,friedmancheryl@example.org,183,7,99.96,2016-05-03,168 Ford Square Suite 510,Alyssastad,93209106,Analytical chemist
Kimberly Cobb,Jennifer Cervantes,russell14@example.org,186,1,95.09,1980-08-01,21725 Rodriguez Forge Suite 172,South Amberstad,17658294,Hospital doctor
Louis Christian,Ryan Alexander,kristinsmith@example.com,178,6,99.56,2004-09-03,49305 Mcpherson Trafficway Apt. 937,Davidview,56212167,"Optician, dispensing"
Vicki Randall,Stephanie Bernard,gonzalezshawn@example.net,191,4,98.86,2002-08-02,586 Lawrence Underpass Apt. 749,Rileyshire,65965863,"Engineer, aeronautical"
Theresa Nunez,Ariel Greene,laura45@example.org,176,3,98.25,1973-11-01,94917 Lawrence Junctions,South Monica,73610144,Information officer
Charles Hansen,Jessica Cohen,william98@example.org,170,1,95.87,1996-08-08,4462 Abbott Mission Apt. 364,East Richardtown,87843200,Quantity surveyor
Peggy Lucero,Brandy Mckee,ifrye@example.net,181,9,98.27,2000-04-05,54397 Jensen Gardens,Lake Nichole,43038909,"Designer, jewellery"
Joshua Moore,Terry Koch,owright@example.com,159,3,97.29,1993-07-12,657 Vincent Greens,Lake Ericfurt,40846361,"Scientist, research (physical sciences)"
Jack Mccarthy,Laurie White,ivalencia@example.com,171,7,96.99,2005-05-12,2374 Jennifer Plains,Lawrenceburgh,71125510,Health and safety adviser
Anna Robinson,Douglas Hale,alexander10@example.net,141,8,96.79,2021-08-12,836 Jacob Manor Suite 621,Scottfurt,44225964,Banker
Randall Delacruz PhD,Mr. Dennis Frazier,deleonjohn@example.org,109,2,95.92,2003-09-01,90546 Ortiz Prairie,New Jeffrey,73780731,Geographical information systems officer
Melissa Orozco,Tina Allen,jamiemoody@example.org,199,3,97.54,1984-08-06,16760 Zachary Gateway,Port Ericmouth,79855372,Intelligence analyst
Daniel Roberts,Robert Clarke,jennifer82@example.net,122,2,95.59,1992-12-11,02183 Armstrong Manors Apt. 481,Sharonfort,89659113,Financial manager
Laura Robinson,Mark Ward,michaeltran@example.org,161,7,95.06,2017-12-03,9735 Harris Cove Suite 391,Lake Kelly,66810452,"Conservation officer, historic buildings"
Amanda Fitzpatrick,Matthew Williams,johnsonpaul@example.org,111,4,98.83,2004-12-12,4138 Alvarez Hollow,Guzmanbury,55427814,Forensic psychologist
Linda Gibson,Sarah Lopez,george04@example.net,184,8,94.96,1976-06-04,40081 Howard Rapids Suite 757,Petershire,35493570,Local government officer
Danielle Nguyen,Dawn Brown,martinkelly@example.com,139,3,95.65,2010-09-01,33950 Gonzalez Creek Suite 195,East Ericfort,97480792,"Designer, fashion/clothing"
Brian Camacho,Mr. Mark Mccormick,dennisdyer@example.net,192,8,96.84,1985-11-02,19866 Walter Route Suite 398,West Melissa,70259209,"Engineer, land"
Samantha Daniels,Joseph Adams,deborah47@example.com,190,1,99.3,2006-08-11,04539 Robert Hills Suite 770,Maynardberg,43470921,Physiological scientist
Jessica Wolfe,Kelly Mitchell,alexanderlinda@example.com,116,7,97.53,2005-03-09,46278 Hernandez Hills Apt. 569,Danielsfort,53428219,Surgeon
Bryan Calderon,Bonnie Watts,wbennett@example.net,193,3,99.21,2008-03-06,71233 Charles Shores Apt. 638,Jerryfort,79448840,"Investment banker, corporate"
Michael Whitaker,Rachel Weaver,rcastillo@example.net,104,4,99.45,2002-07-05,245 Wilson Key,Gillespieview,25639285,Ceramics designer
Thomas Blake,Dawn Hurley,psmith@example.org,114,4,96.02,2015-06-01,30379 Kristina Pines Apt. 149,Schultzview,35242123,Colour technologist
Beth King,Brandon Yang,rogerstimothy@example.com,190,8,95.68,1977-09-04,5003 Michael Ports Apt. 372,New Ashleyborough,24748025,Lawyer
Kaitlin Anderson,Jimmy Hood,annatownsend@example.org,127,9,95.49,1979-09-12,15624 Bentley Road Apt. 343,East Wayneshire,45874192,"Surveyor, hydrographic"
Kevin Hernandez,Nathan Baker,amber10@example.net,165,4,96.79,1993-02-11,5083 Amber Curve Apt. 129,Troyburgh,14283505,Geochemist
Dorothy Bass,Chase Harding,richardsonashley@example.com,195,4,98.3,1975-03-02,0999 Timothy Centers,Williamsport,63044843,Psychotherapist
Christopher Humphrey,Hannah Harris,dbanks@example.com,113,4,96.77,2000-08-11,21675 William Common,New Taylor,74550586,"Accountant, chartered management"
Anthony Stewart,Andrea Carey,robert35@example.net,165,7,99.52,2004-11-06,29955 Jill Square Suite 734,Floydport,3738382,"Engineer, structural"
Jessica Gross,Christopher Roy,steelematthew@example.org,133,7,98.09,1972-07-04,3060 Carol Locks Suite 564,South Walter,41262740,Logistics and distribution manager
Donald Smith,Samantha Gonzalez,mooreallen@example.org,183,4,97.91,2015-09-10,309 Goodwin Drive,Maldonadoland,34451694,Broadcast journalist
Benjamin Ferguson,Derek Jones,suzanne74@example.net,113,1,96.73,1970-03-11,83902 Payne Vista,Thomashaven,54178403,"Investment banker, operational"
Steven Tucker,Kenneth Chen,juan57@example.org,193,5,99.9,1987-10-08,05561 Christopher Drive Suite 331,East Dustinchester,19262819,Sports development officer
Michael Payne,Christopher Henson,lovekelsey@example.org,163,5,97.14,1986-11-07,855 Sean Ville Apt. 721,Port Sarah,66018223,Chemical engineer
Brenda Davis,Andrew Baker,randolphlaurie@example.net,139,4,98.36,1991-04-12,8746 Smith Shore Suite 239,Port Timothy,56340495,"Engineer, electrical"
Edward Johnston,Mary Johnson,sullivandaniel@example.net,123,4,94.96,2001-09-06,34127 Garza Orchard,North Jennifershire,69713699,"Development worker, international aid"
Alicia Bender,Brian Erickson,maureen70@example.com,156,7,98.35,1978-11-03,8583 Christopher Divide Apt. 099,New Tiffanyfurt,84065841,"Psychologist, educational"
Lindsey Bond,Joshua Taylor,mitchell87@example.net,182,5,97.38,2002-06-03,4584 Dakota Green,Guyton,24852173,Commercial/residential surveyor
James Jackson,Curtis Bridges MD,comptonnicole@example.com,178,2,95.95,1999-04-08,287 Hernandez Views,Rebeccaside,67198689,Diagnostic radiographer
Christine Livingston,Lauren Watson,paul00@example.com,173,9,99.48,1972-05-06,4312 Oconnor Islands Suite 423,Lake Lisaburgh,65882597,Personal assistant
Jennifer Morrison,Todd Bell,xmartin@example.org,110,4,96.36,2011-02-08,32653 Brown Vista Apt. 650,Christinachester,51124168,Charity officer
Rick Hoffman,Dr. Cynthia Coleman,keith42@example.net,152,7,97.02,1989-04-06,275 Mary Oval Apt. 189,Jordanstad,21945700,Drilling engineer
Sarah Dean,Susan Norton,matthewlara@example.net,122,7,95.92,1994-12-11,1878 Garcia Cliff,Ricardomouth,63783018,Advertising art director
Christopher Garcia,Brandon Clayton,dannylynn@example.org,108,3,96.37,2009-05-10,5085 Jack Heights,Port Kaitlin,7748592,"Education officer, community"
Lauren Webb,Dean Snyder,leechristina@example.org,103,1,96.38,1996-08-04,11427 Payne Bypass Apt. 716,Christinashire,7100215,Medical secretary
Theresa Nielsen,Nathan Alvarado,pwalters@example.net,160,3,96.96,2015-04-03,8261 Ruiz Glens Suite 675,Port Mary,88579955,Curator
Richard Ritter,Shane Anderson,dthomas@example.net,165,4,96.21,2008-08-03,1037 Evan Manor Suite 675,Jessechester,78716735,Museum/gallery exhibitions officer
Lisa Hall,Andrew Benton,tateray@example.org,103,8,96.8,1984-05-12,5425 Knight Estate,Lamberthaven,34545225,Clinical biochemist
Melissa Pineda,Robert Duncan,smalledward@example.org,136,5,95.33,1989-01-11,948 Hayley Camp,New Kimberlychester,72626177,Insurance claims handler
Alexis Carey,Jeffrey Nelson,danielle23@example.org,109,1,99.98,1992-05-07,466 William Ville Suite 114,North Brandiview,29962990,"Engineer, maintenance (IT)"
Victoria White,Amanda Smith,hernandezdana@example.org,186,2,97.33,1988-08-10,310 Nichols Curve,South Laura,91572004,Barista
Sarah Reid,Heather Barber,jose16@example.com,134,8,99.26,1978-09-08,8797 Marc Circle Apt. 089,Allenmouth,1106282,Armed forces technical officer
Kelsey Warren,Joe Clark,aguilardiana@example.com,132,3,99.74,2003-01-01,4995 Thomas Corners,South Lori,78390041,Toxicologist
Tracy Schultz,Charles Baker,greenandrew@example.com,166,9,99.88,2017-05-11,03551 Bruce Ports,Cooperhaven,47764590,"Presenter, broadcasting"
Jimmy Smith,Richard Haynes,bryanflynn@example.com,124,4,95.5,2005-11-11,97076 Payne Meadow,West Cheryl,78700826,Radio producer
Donna Davies,Spencer Turner,aoneal@example.net,190,9,99.24,2007-10-06,46462 Timothy Forges Apt. 823,Simmonsberg,49758511,Sports coach
Nicholas Shaw,Vincent Richardson,bkaufman@example.org,137,2,96.29,2006-06-03,449 Salazar Mall Apt. 827,Haynesstad,11585398,Production engineer
Dr. Seth Reid II,Kelly Vasquez,pcohen@example.net,165,1,98.46,2003-05-06,41531 Gregory Coves,Lake Veronica,68083038,Pensions consultant
Tristan Banks MD,Tony Kim,stuartpaul@example.com,132,2,96.65,1989-02-10,768 Elizabeth Fields Apt. 259,Bradleyberg,12452873,Housing manager/officer
Casey Stanton,Jennifer Terry,crystalwilliams@example.com,163,4,98.04,1974-10-02,92483 Thomas Camp Suite 412,Tracyville,32940008,Research scientist (maths)
Hailey Martin,Clarence Jacobs,kimberlymeyer@example.com,102,8,98.44,2007-11-04,65935 Mann Square,East Xavierside,60995766,"Engineer, production"
Darlene Clark,Kimberly Case,brittanyreid@example.com,132,7,98.6,1978-12-11,060 Bradley Shore,Michaelshire,42663300,Naval architect
Mackenzie Douglas,Jennifer Hayes,brandonburns@example.org,169,8,99.87,1979-12-03,124 Silva Trafficway,Greenborough,7865220,Public relations officer
Peter Meadows,Donna Dixon,wbishop@example.org,159,8,97.78,1993-09-09,2179 Ashley Orchard Apt. 570,Lake Timothy,62800068,"Scientist, research (physical sciences)"
Anthony Garza,Sheila Taylor,cory39@example.com,158,6,97.09,1989-01-12,523 Brittany Divide Apt. 387,Megantown,574297,"Editor, commissioning"
Timothy Mitchell,Thomas Wallace,millertammy@example.com,156,7,99.88,1988-04-05,073 Watts Islands,East Kimberly,25762976,Museum/gallery exhibitions officer
Tim Stone,Jessica Sandoval,evanhanson@example.org,195,6,96.65,1984-05-04,05846 Smith Station,Steinville,71687513,"Psychologist, educational"
Stacey Nichols,Dr. Brenda Miranda,thompsonbrian@example.com,109,5,96.38,2013-09-05,8426 Joy Curve Suite 149,North Michelle,26735658,Toxicologist
Nicole Tucker,Natalie Harris,palmerderek@example.net,116,5,98.0,2002-05-12,8242 Tyler Drives Suite 804,East Patriciamouth,19258799,Biomedical engineer
Carrie Greene,Melvin Thomas,alexandermichael@example.net,152,3,97.86,1970-12-02,134 Jordan Park,Markbury,30006072,Transport planner
William Green,Glenda Gardner,bcarroll@example.net,163,3,97.37,2000-03-12,5535 James Mews Suite 879,West Bethanyland,74196456,"Buyer, retail"
Danielle Jones,Dr. Jason Harris,joanneferguson@example.org,104,1,95.94,2008-11-03,2053 Chavez Courts,Kellytown,88069401,"Conservation officer, nature"
Sherry Lopez,Mario Smith,vangcynthia@example.net,117,7,95.93,1986-05-03,082 Victoria Lodge Suite 914,Mathewsshire,81124480,Product manager
Roberta Monroe,Sheri Miller,lisajackson@example.org,169,5,97.4,1986-04-09,428 Potter Rest,New Stephentown,60134165,"Administrator, charities/voluntary organisations"
Dean Holmes,Sandra Byrd,igonzalez@example.net,179,1,98.46,1981-10-07,6115 Peter Orchard Apt. 267,Shawnland,88182124,Waste management officer
Virginia Reyes,Robert Massey,irobertson@example.org,116,2,97.12,1980-10-03,618 Palmer Vista Suite 288,Fishertown,68943363,Academic librarian
Tanya Good,John Davila,james07@example.net,141,4,95.75,2011-06-07,260 Joshua Ranch Apt. 420,Matthewport,94075700,Immunologist
Dana Johnson,David Oliver,craigrich@example.com,153,9,96.54,2016-10-06,54662 Joseph Flats Apt. 810,Underwoodmouth,58437896,Diagnostic radiographer
Brian Smith,Laura Perez,barreracharles@example.org,183,1,96.92,2020-02-06,17680 Veronica Harbors Apt. 885,South Sheila,44422523,"Civil engineer, consulting"
Ashley Middleton,Stacey Hess,eguerrero@example.net,140,1,95.85,1979-08-02,81438 Dalton Point,Loritown,51958824,Cartographer
Kaylee Henson,Kimberly Anderson,brian95@example.net,165,9,95.61,1980-12-06,050 Johnson Expressway Apt. 140,Haroldfurt,93660150,Insurance account manager
Mark Knight,Brittany Macdonald,richardbest@example.net,123,4,96.55,1994-05-06,7471 Garcia Row Apt. 112,Rebeccamouth,57851273,Airline pilot
Brian Hernandez,Ryan Cross,ramirezchristine@example.com,161,5,96.04,2016-02-11,200 Mills Bridge,Paulfurt,81067763,Archaeologist
Peter Cruz,Miranda Rodriguez,william87@example.net,136,8,99.69,2013-04-10,99778 Jennifer Shores,Peterchester,24274654,Biomedical engineer
Veronica Martinez,Peggy Wright,beckerdouglas@example.org,149,6,98.93,2018-05-01,419 Ryan Union Apt. 689,New Marc,61163607,Economist
Jessica Terry,Christine Summers,sarahbrock@example.com,101,6,96.64,2013-11-11,92318 Blake Stream,East Michael,92345485,Medical technical officer
Dustin Villegas,Harold Walton,smithbrandon@example.com,180,9,97.65,2003-05-05,4357 Patterson Orchard Suite 529,New Rachaelshire,43256327,Corporate treasurer
Claudia Richmond,Joel Woodard,robinsonkayla@example.org,177,4,98.43,2006-02-02,4590 Davis Loop Apt. 717,South Debraton,92124516,Operations geologist
Patrick Patton,Karen Grimes,virginiajohnson@example.org,135,9,96.21,1974-05-07,94817 Bianca Drive Apt. 660,Suarezport,85870642,Merchant navy officer
Curtis Choi,Megan Baker,jamie86@example.com,171,7,95.07,2017-11-11,8644 Higgins Isle Apt. 277,Angietown,5234301,Food technologist
Marcus Patel,Taylor Johnson,amy83@example.net,129,5,98.64,1984-12-09,2383 Ruiz Vista,East Sarahland,1106510,Forest/woodland manager
Francisco Rice,Michael Davis,timothy00@example.net,155,9,99.51,1996-04-05,99640 Jennifer Loop,Port Amber,82886493,Magazine journalist
Gabriella Moody,Lauren Brady,emily47@example.net,182,4,98.19,1995-08-12,303 Katherine Center Suite 009,Rachelfurt,34638644,"Radiographer, diagnostic"
William Young,Jessica Frank DDS,joshua29@example.com,135,5,95.71,1980-09-10,253 Matthew Street Apt. 294,New Tracy,83594878,IT technical support officer
Bryan Smith,Randy Brown,seth44@example.org,124,2,97.21,2010-01-09,86403 Davis Corner,Port Ricky,56479102,Associate Professor
Patrick Caldwell,Hayley Robinson,petersrobin@example.net,124,5,96.84,2010-08-11,765 Jackson Route,North Christian,76229121,Water engineer
Donna Dunn,Claudia Johns,vvalencia@example.net,186,8,98.92,1990-06-08,15997 David Light,South Robertberg,18270570,Broadcast journalist
Matthew Lopez,Jeremy Wells,gregory44@example.org,169,5,99.89,2019-06-05,710 Amanda Lane,West Laurabury,39290588,Technical sales engineer
Michael Bishop,Jeff Miller,scottjacqueline@example.org,191,1,99.29,1993-12-05,63881 Bonnie Corners,North Aprilville,63984132,Surgeon
Kayla Bush,Rebecca Parker,kevinpierce@example.com,161,7,96.8,1994-04-02,81670 Jeremiah Squares,Ramirezhaven,42439899,"Therapist, occupational"
Kelly Miles,Matthew Rogers,potterdavid@example.com,121,2,98.04,1982-05-06,0867 Hernandez Extension,Markbury,52530036,Lobbyist
John Clay,Eric Smith,stevendiaz@example.com,134,2,98.1,1987-10-06,7380 Powell Road,Welchmouth,22992093,Research scientist (life sciences)
Erica Gray,Stephanie Stephens,hwatson@example.com,142,4,97.1,1983-07-11,4575 Peter Ramp Apt. 111,Lake Geraldshire,59116936,"Engineer, communications"
Timothy Rodriguez,Matthew Brady,zsmith@example.org,150,5,97.91,2010-03-09,8689 Johnathan Creek Apt. 633,Brookemouth,27694848,Airline pilot
Andrew Luna,Peggy Larson MD,bbishop@example.net,177,8,96.82,2002-12-06,29732 Herrera Circle Suite 806,Andrewberg,23413689,Research scientist (life sciences)
Rebecca Fields,Mario Melendez,lisapena@example.net,180,5,96.23,2003-12-11,920 Melanie Brook Apt. 119,Lake Williambury,70391268,"Production assistant, television"
Zachary Chambers,Edward Wiggins,claudiaryan@example.net,151,4,96.58,2004-04-05,155 Misty Course Suite 746,New Erik,18537598,Emergency planning/management officer
James Kaiser,Bethany Jensen,matthew13@example.net,171,9,97.02,1982-12-10,2433 Miller Hills Suite 156,Thomasmouth,87489750,Sports development officer
Barbara Martinez,Jeremy Salazar,frank10@example.net,173,3,99.76,2018-08-12,462 Mathews Groves,North Christineport,75465377,Information systems manager
Tracy Richards,Joseph Gonzalez,watersryan@example.net,121,4,99.02,2012-06-10,39240 Meza Tunnel Suite 533,Powellview,57246079,Psychotherapist
Kaitlin Lara,Susan Sanders,wduncan@example.com,139,3,95.82,1989-03-06,41999 Leslie Village,Port Brittanychester,27456071,"Designer, fashion/clothing"
Jonathan Phillips,Steven Atkinson,olynch@example.org,108,9,95.97,1986-07-10,722 Denise Road Suite 302,East Alexander,99071462,"Radiographer, diagnostic"
Rebecca Harper,James Gordon,fwalker@example.net,190,7,98.25,2001-09-03,344 Miller Burg,Adamsstad,4670124,Risk analyst
Linda Scott,Wesley Delgado,fitzgeraldsuzanne@example.org,135,9,96.38,2009-01-11,2257 Cooper Run,Millsberg,54193338,"Geologist, engineering"
Virginia Fisher,Nicholas Lamb,kchavez@example.net,119,3,98.24,1987-05-07,2197 Howe Lodge Suite 490,West Jennifertown,48673631,Landscape architect
Diamond Ross,Brenda King,michelleroberts@example.com,105,7,97.97,1974-11-12,76760 Jared Via Apt. 237,East Monique,60583154,"Psychotherapist, dance movement"
Andrea Jones,Brittany Ingram,christopher18@example.com,142,4,95.29,1972-07-03,22701 Kenneth Squares,Davidmouth,80922551,"Lecturer, higher education"
Manuel Klein,James Liu,davisrobert@example.com,186,1,98.61,1998-12-12,72238 Robert Inlet,West Edward,99983345,Event organiser
Christopher Bailey,Marvin Huerta,mariahpayne@example.org,196,4,99.8,2008-08-12,925 Tracey Throughway,Danielport,9144736,Medical sales representative
Ronald Stout,Becky Martin,wadematthew@example.com,195,6,95.13,1996-06-03,8980 Brandon Run Apt. 938,Peterbury,37686420,Brewing technologist
Christopher Walter,Kelsey Thompson,rogersdavid@example.net,184,2,98.22,2003-02-03,5784 Zuniga Points Suite 275,Jodiport,52187377,Research scientist (maths)
John Clark,Tanya Gomez,chelsea02@example.net,157,4,97.41,1999-11-03,402 Sanders Mountains,Mckenzietown,85919587,"Designer, multimedia"
Joshua Weiss,Gregory Clayton,wberger@example.com,127,3,96.18,2016-12-12,25698 Waters Plaza Suite 339,Reyesview,19999173,Camera operator
Melanie Harris,Latoya Ross,sheliakennedy@example.org,185,3,98.6,1986-05-04,6580 Mark Lights,East Thomasberg,59249825,Further education lecturer
Samantha Sullivan,Jessica Jackson,ufigueroa@example.org,117,4,97.35,1971-02-07,3978 Jeffery Well,East Charlesberg,72465172,"Teacher, secondary school"
David Chandler,Breanna Marshall,ybarnes@example.net,164,9,98.3,1986-01-01,57122 Rocha Points Apt. 846,Kelliton,28624134,Museum/gallery conservator
Henry Garcia,Gregory Weaver,daniellecarr@example.com,115,7,96.61,1971-01-07,836 Schneider Plaza,East Frankchester,5000678,Operational researcher
Rodney Davis,Kyle Scott,christina12@example.com,174,9,97.73,2010-07-02,5279 Boyd Harbor Suite 400,West Calebmouth,6963682,Mechanical engineer
Janet Beck,James Juarez DVM,samantha99@example.net,105,5,97.83,1977-08-05,624 Bennett Parks Apt. 893,Leonland,44693206,"Psychotherapist, child"
Elizabeth Ryan,Christopher Potter,johncastro@example.net,122,3,96.49,1993-04-08,5763 Melissa Club,New Cheryl,51131425,Systems developer
Misty Mitchell,Christopher Robinson,travis03@example.net,174,6,96.06,1999-04-04,91670 William Knolls,Shaunport,53661357,Careers information officer
Jordan Carter,Amanda Berg,lisa86@example.net,157,8,97.19,1980-08-12,4412 Stephens Loop,West Crystal,62587037,Medical laboratory scientific officer
Brenda Brown,Douglas Torres,nancywalker@example.org,113,5,99.47,2010-11-10,8663 Mason Stream,Garciaview,27611159,Market researcher
Christopher Jones,Jeffery Ibarra,jeffrey31@example.com,128,9,97.88,2018-08-01,1382 Simmons Station,Robinton,96009727,"Physicist, medical"
Donald Munoz,Steven Rojas,bestronald@example.com,165,5,98.55,1974-12-01,12199 Dennis Springs,Wilkersonland,24333146,"Sound technician, broadcasting/film/video"
Nathan Carter,Frank Castro,gjackson@example.com,194,8,96.05,1977-07-06,003 Christina Mountain,Adamshaven,66259350,Oceanographer
Justin Buckley,Ricky Powell,gina57@example.org,120,5,96.04,1972-07-05,2504 Debra Road,Taylorland,657204,"Nurse, learning disability"
Megan Graves,Deanna Miller,vwashington@example.com,170,5,96.46,1989-01-11,66366 Cassandra Corners,Chadbury,29725489,Music therapist
Pamela Hughes,Christopher Molina,kenneth14@example.org,189,5,97.42,1975-05-10,7363 Munoz Park Apt. 211,Port Miranda,66168010,Recruitment consultant
Shannon Kelly MD,Jennifer Ramirez,kimberlyjohnson@example.org,138,5,99.45,2018-07-04,1081 Parker Mall Suite 345,East Timothy,34126356,Systems developer
Jordan Ramos,Jessica Robles,rayraymond@example.org,143,2,98.5,1981-04-04,2181 Larson View Suite 541,Ryanville,59310341,"Buyer, retail"
Megan Duncan,Keith Casey,corey98@example.net,175,9,96.23,1975-09-05,8734 Fields Point Apt. 652,North Corey,81835874,"Surveyor, quantity"
Jennifer Greene,Robin Davis,jasonyoung@example.org,197,3,96.62,2000-09-12,650 Chen Branch,South Daniel,10667118,Clinical molecular geneticist
